{"cameraMode":{"drawMode":0,"name":"Shaded","section":"Shading Mode"},"sceneLighting":false,"audioPlay":false,"sceneViewState":{"m_AlwaysRefresh":false,"showFog":true,"showSkybox":false,"showFlares":true,"showImageEffects":true,"showParticleSystems":true,"showVisualEffectGraphs":true,"m_FxEnabled":true},"in2DMode":false,"pivot":{"x":-0.06528647243976593,"y":-0.004188209772109985,"z":-0.051325343549251559},"rotation":{"x":-0.08102458715438843,"y":0.9188510775566101,"z":-0.26502537727355959,"w":-0.28091445565223696},"size":0.14665034413337708,"orthographic":false}