{"cameraMode":{"drawMode":0,"name":"Shaded","section":"Shading Mode"},"sceneLighting":false,"audioPlay":false,"sceneViewState":{"m_AlwaysRefresh":false,"showFog":true,"showSkybox":false,"showFlares":true,"showImageEffects":true,"showParticleSystems":true,"showVisualEffectGraphs":true,"m_FxEnabled":true},"in2DMode":false,"pivot":{"x":0.0644136369228363,"y":-0.2788096070289612,"z":0.0829874575138092},"rotation":{"x":-0.20043940842151643,"y":0.7813017964363098,"z":-0.31188949942588808,"w":-0.5021126866340637},"size":0.6385357975959778,"orthographic":false}