{"cameraMode":{"drawMode":0,"name":"Shaded","section":"Shading Mode"},"sceneLighting":false,"audioPlay":false,"sceneViewState":{"m_AlwaysRefresh":false,"showFog":true,"showSkybox":false,"showFlares":true,"showImageEffects":true,"showParticleSystems":true,"showVisualEffectGraphs":true,"m_FxEnabled":true},"in2DMode":false,"pivot":{"x":-0.05304163694381714,"y":0.0416179895401001,"z":-0.042641401290893558},"rotation":{"x":0.28257662057876589,"y":-0.21213489770889283,"z":0.06422918289899826,"w":0.9332911968231201},"size":0.769368588924408,"orthographic":true}