{"cameraMode":{"drawMode":0,"name":"Shaded","section":"Shading Mode"},"sceneLighting":false,"audioPlay":false,"sceneViewState":{"m_AlwaysRefresh":false,"showFog":true,"showSkybox":false,"showFlares":true,"showImageEffects":true,"showParticleSystems":true,"showVisualEffectGraphs":true,"m_FxEnabled":true},"in2DMode":false,"pivot":{"x":0.002299189567565918,"y":0.07610069215297699,"z":2.384185791015625e-7},"rotation":{"x":0.13584017753601075,"y":0.5436007380485535,"z":-0.08967921137809754,"w":0.8234103322029114},"size":3.7204928398132326,"orthographic":true}